ville,slug,dept,dept_num,region,habitants_approx,contexte_local
Marseille,marseille,Bouches-du-Rhône,13,Provence-Alpes-Côte d'Azur,plus de 860 000,"Marseille est une ville aux reliefs marqués. De la Canebière aux collines de l'Estaque, du Panier au Roucas-Blanc, les maisons à plusieurs niveaux sont omniprésentes. Le bâti ancien, souvent en pierre calcaire, abrite des escaliers raides et étroits qui compliquent le quotidien des seniors souhaitant rester à domicile."
Toulouse,toulouse,Haute-Garonne,31,Occitanie,plus de 490 000,"La Ville Rose concentre un parc immobilier ancien très dense, notamment dans les quartiers des Carmes, Saint-Aubin et Saint-Cyprien, où les maisons de ville à deux ou trois niveaux avec des escaliers intérieurs raides sont la norme. Avec une population vieillissante croissante, la demande d'équipements d'accessibilité comme le monte-escalier y est en forte augmentation."
Nice,nice,Alpes-Maritimes,06,Provence-Alpes-Côte d'Azur,plus de 340 000,"Nice s'étend entre mer et collines et ses quartiers anciens, Vieux-Nice, Cimiez et la Buffa, regorgent d'immeubles haussmanniens et de villas belle époque aux escaliers souvent étroits et pentus. La forte concentration de retraités sur la Côte d'Azur en fait l'une des villes où la demande de monte-escaliers est parmi les plus élevées de France."
Nantes,nantes,Loire-Atlantique,44,Pays de la Loire,plus de 320 000,"Nantes possède un riche patrimoine architectural avec ses maisons de négociants, ses immeubles du XIXe siècle et ses hôtels particuliers dans les quartiers Graslin et Bouffay, dont les escaliers intérieurs sont souvent très raides. Le vieillissement de la population nantaise et la volonté de maintien à domicile font du monte-escalier un équipement de plus en plus demandé."
Strasbourg,strasbourg,Bas-Rhin,67,Grand Est,plus de 285 000,"Strasbourg se distingue par son architecture alsacienne caractéristique, avec ses maisons à colombages, ses immeubles wilhelmiens et ses bâtisses du quartier allemand, dont les escaliers intérieurs sont souvent raides et mal adaptés aux personnes à mobilité réduite. La forte proportion de logements anciens dans la Neustadt et la Petite France en fait une ville particulièrement concernée par les problématiques d'accessibilité."
Bordeaux,bordeaux,Gironde,33,Nouvelle-Aquitaine,plus de 260 000,"Bordeaux, inscrite au patrimoine mondial de l'UNESCO, est une ville de pierres dorées aux nombreux hôtels particuliers et immeubles du XVIIIe et XIXe siècles dans les quartiers Saint-Pierre, Chartrons et Saint-Michel. Ces bâtiments anciens, aux escaliers souvent très raides et étroits, sont au cœur des demandes d'adaptation pour les seniors bordelais souhaitant rester chez eux."
Lille,lille,Nord,59,Hauts-de-France,plus de 235 000,"Lille et sa métropole se caractérisent par un habitat typiquement nordiste, avec ses maisons en briques à deux ou trois niveaux, ses courées et ses immeubles ouvriers, dont les escaliers intérieurs souvent raides et peu larges rendent la montée difficile avec l'âge. Le renouveau du Vieux-Lille et de Wazemmes a préservé ce bâti ancien qui concentre aujourd'hui une forte demande en équipements d'accessibilité."
Montpellier,montpellier,Hérault,34,Occitanie,plus de 290 000,"Montpellier abrite un centre historique dense, l'Écusson, avec ses ruelles médiévales bordées de maisons à plusieurs niveaux et des escaliers intérieurs caractéristiques, souvent très pentus. La ville attire de nombreux retraités du nord de la France et du reste de l'Europe, ce qui en fait l'un des marchés les plus dynamiques pour l'adaptation du logement senior en Occitanie."
Rennes,rennes,Ille-et-Vilaine,35,Bretagne,plus de 220 000,"Rennes possède l'un des centres historiques les mieux préservés de France, avec ses maisons à colombages et ses immeubles en granit du XVIIe et XVIIIe siècle dans les quartiers du Thabor et Sainte-Anne, dont les escaliers intérieurs sont souvent très raides. La Bretagne concentre une population senior importante soucieuse de rester à domicile, faisant de Rennes un marché clé pour les monte-escaliers."
Grenoble,grenoble,Isère,38,Auvergne-Rhône-Alpes,plus de 160 000,"Grenoble, entourée par les massifs des Belledonne, Chartreuse et Vercors, est une ville alpine où les maisons à plusieurs niveaux sont très répandues, notamment dans les quartiers anciens de l'Hyper-Centre, Championnet et Très-Cloîtres. Les escaliers intérieurs y sont souvent étroits et pentus, et la forte population de seniors souhaitant rester dans leurs maisons en fait un marché prioritaire pour les équipements d'accessibilité."
Toulon,toulon,Var,83,Provence-Alpes-Côte d'Azur,plus de 175 000,"Toulon, ville portuaire aux reliefs marqués, concentre de nombreuses maisons de ville et immeubles anciens dans son centre historique et sur les hauteurs du Mourillon et du Cap Brun, avec des escaliers intérieurs souvent très raides. La forte proportion de retraités dans le Var en fait l'une des villes provençales les plus demandeuses en solutions d'adaptation du logement."
Saint-Étienne,saint-etienne,Loire,42,Auvergne-Rhône-Alpes,plus de 170 000,"Saint-Étienne possède un parc immobilier ancien constitué en grande partie de maisons ouvrières et d'immeubles du XIXe siècle dans les quartiers du Centre, Bergson et Bellevue, dont les escaliers intérieurs raides témoignent d'une époque où l'accessibilité n'était pas une priorité. La ville figure parmi celles qui comptent la plus forte proportion de seniors en Auvergne-Rhône-Alpes, créant une demande croissante pour les monte-escaliers."
Nîmes,nimes,Gard,30,Occitanie,plus de 150 000,"Nîmes, ville romaine aux nombreux monuments antiques, possède un centre historique dense avec ses maisons de pierre calcaire et des escaliers intérieurs caractéristiques, souvent très raides, dans les quartiers de l'Écusson et des Arènes. La demande en monte-escaliers y est en forte hausse, portée par un vieillissement de la population gardoise et le souhait de nombreux seniors de rester dans leurs logements traditionnels."
Dijon,dijon,Côte-d'Or,21,Bourgogne-Franche-Comté,plus de 155 000,"Dijon, capitale de la Bourgogne, regorge d'hôtels particuliers et de maisons bourgeoises dans son centre historique classé, notamment rue de la Liberté et dans le quartier des ducs, dont les escaliers intérieurs en pierre sont souvent très raides et peu praticables pour les personnes âgées. Avec une population senior importante et des logements anciens nombreux, Dijon concentre une forte demande en équipements d'accessibilité."
Angers,angers,Maine-et-Loire,49,Pays de la Loire,plus de 155 000,"Angers, ville d'art et d'histoire au cœur de la Vallée de la Loire, abrite de nombreuses maisons en tuffeau et en schiste ardoisier dans ses quartiers historiques comme la Doutre, la Cité et Saint-Laud, dont les escaliers intérieurs sont souvent très raides et étroits. La demande en monte-escaliers y est portée par un fort attachement des seniors angevins à leur logement et par la prévalence du parc immobilier ancien dans l'agglomération."
Clermont-Ferrand,clermont-ferrand,Puy-de-Dôme,63,Auvergne-Rhône-Alpes,plus de 145 000,"Clermont-Ferrand, bâtie sur les flancs d'anciens volcans, se distingue par son architecture en pierre de lave noire et par ses maisons à plusieurs niveaux dans les quartiers du Vieux-Clermont, Jaude et Montferrand, où les escaliers intérieurs sont souvent très raides du fait du relief. La ville et son agglomération comptent une population senior croissante, particulièrement attachée au maintien à domicile."
Le Havre,le-havre,Seine-Maritime,76,Normandie,plus de 170 000,"Le Havre alterne immeubles en béton de l'après-guerre et maisons traditionnelles normandes dans les quartiers périphériques, avec des escaliers intérieurs souvent peu adaptés aux personnes âgées. La forte population ouvrière vieillissante et l'important parc de logements anciens en font un marché prioritaire pour les monte-escaliers en Normandie."
Reims,reims,Marne,51,Grand Est,plus de 180 000,"Reims, capitale du Champagne et ville au riche patrimoine architectural, possède de nombreuses maisons bourgeoises et immeubles haussmanniens dans ses quartiers historiques de Clairmarais, Cernay et l'Hyper-Centre, dont les escaliers intérieurs en pierre sont souvent raides et peu adaptés à une mobilité réduite. La forte proportion de seniors dans la Marne et leur souhait de rester dans leurs maisons font de Reims un marché clé pour les équipements d'accessibilité."
Aix-en-Provence,aix-en-provence,Bouches-du-Rhône,13,Provence-Alpes-Côte d'Azur,plus de 145 000,"Aix-en-Provence, ville d'art et d'histoire à l'architecture baroque et provençale, regorge d'hôtels particuliers et de maisons de ville dans le Vieil Aix et le quartier Mazarin, dont les escaliers intérieurs en pierre sont souvent très raides et étroits. Avec l'une des plus fortes concentrations de retraités aisés de France et un parc immobilier ancien très dense, Aix est l'une des villes provençales les plus demandeuses en monte-escaliers."
Brest,brest,Finistère,29,Bretagne,plus de 140 000,"Brest, grande ville maritime du Finistère, alterne immeubles de la reconstruction d'après-guerre et maisons bretonnes plus anciennes dans ses quartiers périphériques comme Saint-Marc, Lambézellec et Bellevue, dont les escaliers intérieurs sont souvent peu adaptés au vieillissement. La Bretagne est l'une des régions françaises les plus touchées par le vieillissement de la population, faisant de Brest un marché prioritaire pour les solutions d'accessibilité à domicile."
Tours,tours,Indre-et-Loire,37,Centre-Val de Loire,plus de 135 000,"Tours, au cœur de la Vallée de la Loire classée au patrimoine mondial de l'UNESCO, possède de nombreuses maisons en tuffeau et en ardoise dans ses quartiers historiques de Vieux-Tours, Prébendes et Grammont, dont les escaliers intérieurs sont souvent très raides et étroits. La forte présence de retraités en Touraine et leur attachement à leurs demeures anciennes en font un marché porteur pour les monte-escaliers."
Limoges,limoges,Haute-Vienne,87,Nouvelle-Aquitaine,plus de 130 000,"Limoges, capitale mondiale de la porcelaine, possède un centre historique aux maisons en granit et en bois du Moyen Âge dans les quartiers de la Boucherie, de la Cathédrale et de la Cité, dont les escaliers intérieurs raides témoignent d'un bâti très ancien. La Haute-Vienne figure parmi les départements français les plus vieillissants, ce qui génère une demande croissante en équipements d'adaptation du logement comme le monte-escalier."
Perpignan,perpignan,Pyrénées-Orientales,66,Occitanie,plus de 120 000,"Perpignan, dernière ville catalane française, concentre un bâti ancien très dense dans son hypercentre, avec ses maisons catalanes aux escaliers intérieurs typiques, souvent raides et peu larges, dans les quartiers de la Loge de Mer, Saint-Jacques et Sant Joan. Les Pyrénées-Orientales accueillent une forte population de retraités venus profiter du soleil méditerranéen, créant une demande croissante pour les solutions d'accessibilité à domicile."
Amiens,amiens,Somme,80,Hauts-de-France,plus de 135 000,"Amiens, capitale de la Picardie, possède de nombreuses maisons en briques et des immeubles anciens dans ses quartiers du centre et de Saint-Leu, dont les escaliers intérieurs raides sont caractéristiques du bâti nordiste du XIXe et début XXe siècle. La Somme compte une proportion de seniors supérieure à la moyenne nationale, portant la demande en monte-escaliers dans une région où le maintien à domicile est une priorité."
Metz,metz,Moselle,57,Grand Est,plus de 115 000,"Metz, ville frontière aux influences françaises et allemandes, possède un patrimoine architectural exceptionnel avec son quartier impérial wilhelmien et ses maisons lorraines en pierre de Jaumont, dont les immeubles anciens abritent souvent des escaliers raides et mal adaptés à la mobilité réduite. La Moselle concentre une population senior importante et un parc de logements anciens très dense, créant une forte demande en équipements d'accessibilité."
